{
    "input0": {
        "columns": ["x","x2","y"],
        "data": [
            [1,1,1.41],
            [1,1,1.39],
            [1,2,1.9],
            [1,2,2.1],
            [2,1,0.9],
            [2,1,1.1],
            [2,2,1.9],
            [2,2,2.1]
    ]
    },
    "input1": null,
    "output": {
        "columns": ["x","x2","y","a","z"],
        "data": [
                [1,1,1.41,1.4,1.00714285714286],
                [1,1,1.39,1.4,0.992857142857143],
                [1,2,1.9,1.4,1.35714285714286],
                [1,2,2.1,1.4,1.5],
                [2,1,0.9,1,0.9],
                [2,1,1.1,1,1.1],
                [2,2,1.9,1,1.9],
                [2,2,2.1,1,2.1]
        ]
    }
}