{
    "input0": {
        "columns": ["id","a","b","c"],
        "data": [
            [101,1,2,3],
            [102,2,2,3],
            [103,3,2,3]
        ]
    },
    "input1": null,
    "output": {
        "columns": ["id","mean","a","b","c"],
        "data": [
            [101,2,1,2,3],
            [102,2.33333333333333,2,2,3],
            [103,2.66666666666667,3,2,3]
        ]
    }
}